Event,Start date,Amount Paid,Amount Paid (USD),Amount Paid (ETH),End date,Name,Symbol,Price (USD),Price (ETH),Supply APY,Borrow APY,Total Supply,Total Borrow,Market Liquidity,# of Suppliers,# of Borrowers,ETH Borrow Cap,Reserves,Reserve Factor,Collateral Factor,cToken Minted,Exchange Rate
Repay,20/11/2020,5296.535004373445485389,27117.724272356598,37.11094594140622,01/01/2021,Uniswap,UNI,5.119899,0.007006646026272467,0.010582883566019629957728051,0.084145574587039176416643133,690097112.98541491,2414509.872328444483508160,11508810.133104068232204661,2236,67,11250000.00000000000000000,24261.66722582926930947160000,0.25000000000000000,0.60000000000000000,690097112.98541491,49.65063792044305
Repay,20/11/2020,9707.68670389781148944,50199.90409886116,68.01832446816366,01/01/2021,Uniswap,UNI,5.17115,0.007006646026272467,0.010513409318481320977393072,0.083899620045315739037049184,689898510.44367784,2404805.898084884197108627,11514517.819808000490174099,2236,66,11250000.00000000000000000,24262.59534091365058194835000,0.25000000000000000,0.60000000000000000,689898510.44367784,49.65062797197475
Repay,16/12/2020,25005.491005,25005.491005,33.88117230890133,01/01/2021,Tether USD,USDT,1,0.001354949291022783,0.095959086623871955895387400,0.120884579427327170511741881,4421943208.24866239,78619268.803153,12127249.603138,2582,1229,0,172857.3786632000000000000000,0.07500000000000000,0,4421943208.24866239,48.821513429824215
Repay,04/12/2020,75.35,75.63128155,0.10247655131531706,01/01/2021,Dai Stablecoin,DAI,1.003733,0.001360007316726172,0.081708749315609925474753513,0.113189451537754855049928092,56110173423.55651435,1009376550.730017392500838816,163729013.475199239856141338,14147,2731,0,1717472.260254864269677167150,0.15000000000000000,0.75000000000000000,56110173423.55651435,47.90058376843469
Repay,12/08/2020,69041.421629109500143976,69299.15325605097,93.89683857276552,01/01/2021,Dai Stablecoin,DAI,1.003733,0.001360007316726172,0.081652133895770894403563838,0.113118058497567602453034785,56110173423.55651435,1009307869.731861230511313809,163798054.896828349356285314,14147,2730,0,1717526.323775806396270012500,0.15000000000000000,0.75000000000000000,56110173423.55651435,47.90057124071923
Repay,03/12/2020,2.98104242,86489.1924044294,117.18846992951472,01/01/2021,Wrapped BTC,WBTC,29013.07,39.311238626894388500,0.000417871117234720012328682,0.026361160402056018619444965,1347470.10718367,546.05821280,26663.34075149,2744,363,0,1.5192317430000000000000000,0.20000000000000000,0.60000000000000000,1347470.10718367,49.52499498046969
Repay,27/11/2020,38.001017788726199616,27834.41545661832,38.0010177887262,01/01/2021,Ether,ETH,732.464999,1.000000000000000000,0.000674415864560917152017128,0.023853713774045143939158398,53638721.64565407,38407.787353973685689127,1036110.229406996567727393,57498,689,0,111.7807553549630388513000000,0.20000000000000000,0.75000000000000000,53638721.64565407,49.92406023728043
Repay,19/10/2020,399.458045,59633.094247825,81.4142577860229,01/01/2021,Compound,COMP,149.285,0.203811786506948163,0.426985159911185525816047534,0.709309691478481983960887135,4617041.48366217,82119.168679301668234693,10952.884922390088475097,2540,90,82500.00000000000000000,189.7662845231674959448000000,0.25000000000000000,0.60000000000000000,4617041.48366217,49.70852481158423
Repay,01/12/2020,2134.618905775453928754,2142.5874381507138,2.925173818647837,01/01/2021,Dai Stablecoin,DAI,1.003733,0.001370349438362720,0.081846221953083067192519027,0.113362774023414526554973115,56110866380.18074029,1009559131.594859977247275949,163564656.085801790571037041,14147,2730,0,1718035.796061484724753646600,0.15000000000000000,0.75000000000000000,56110866380.18074029,47.900453186188926
Repay,26/11/2020,28510,28616.42783,39.06866248772114,01/01/2021,Dai Stablecoin,DAI,1.003733,0.001370349438362720,0.081664015210619093804398298,0.113133041700745498440708801,56123215700.56573130,1009560266.265774139435169608,163822468.472729503231162593,14147,2730,0,1718205.996698609052937695450,0.15000000000000000,0.75000000000000000,56123215700.56573130,47.900413747981084
Repay,22/10/2020,42647.315931906895998907,42806.5183622807,58.44172543496609,01/01/2021,Dai Stablecoin,DAI,1.003733,0.001370349438362720,0.081629119599351495437842848,0.113089034802303321971133805,56123215700.56573130,1009518133.690820994947381316,163865115.788661410127161500,14147,2729,0,1718283.207845423414169287700,0.15000000000000000,0.75000000000000000,56123215700.56573130,47.900395860734655
Repay,26/11/2020,28400.913477912358504792,28506.934087925405,38.9191758334454,01/01/2021,Dai Stablecoin,DAI,1.003733,0.001370349438362720,0.081605886839951759607854880,0.113059734273012752226009837,56123215700.56573130,1009490092.948065846822715328,163893516.702139322485666292,14147,2728,0,1718337.233453838049245108300,0.15000000000000000,0.75000000000000000,56123215700.56573130,47.90038334481179
Repay,24/10/2020,2437.229045,2437.229045,3.327434141327481,01/01/2021,USD//C,USDC,1,0.001365252949103715,0.081828924007104300696454099,0.104612916811213302136252782,33800045537.92694459,617524154.166794,105556838.367632,214570,2105,0,488226.5738184250000000000000,0.07500000000000000,0.75000000000000000,33800045537.92694459,46.77606409883374
Repay,23/10/2020,70158.619192,70158.619192,95.25367654657899,01/01/2021,USD//C,USDC,1,0.001357690297266291,0.081738407756323539647329904,0.104507281308285341120258987,33800195655.28846459,617465304.593950,105621206.270730,214571,2104,0,488399.7522945250000000000000,0.07500000000000000,0.75000000000000000,33800195655.28846459,46.775925836915924
Repay,01/01/2021,1.000000672729574284,736.5454954956042,1.0000006727295743,01/01/2021,Ether,ETH,736.545,1.000000000000000000,0.000673958463363261062670705,0.023851559346408537432552784,53670426.77484308,38407.864870436115985851,1036745.296553033700219274,57503,689,0,111.7962587819950130529000000,0.20000000000000000,0.75000000000000000,53670426.77484308,49.92405735626851
Repay,12/08/2020,93000,93000,126.26519764576506,01/01/2021,Tether USD,USDT,1,0.001357690297266291,0.099881466280280401890498689,0.125327025458765998044380764,4414103744.70534222,78809023.369613,11778074.933135,2583,1230,0,172943.9711477000000000000000,0.07500000000000000,0,4414103744.70534222,48.820937134647174
Repay,19/12/2020,1450.227269290030379869,7499.34274358914,10.18178487884534,01/01/2021,Uniswap,UNI,5.17115,0.007020820180708579,0.010505270628572813075208256,0.083870758014212584156354781,689793311.51438322,2403385.903999985241518546,11513849.263343047531984463,2236,66,11250000.00000000000000000,24270.15363701141927939535000,0.25000000000000000,0.60000000000000000,689793311.51438322,49.65054693752354
Repay,07/12/2020,129816.688599,129816.688599,176.25085853410184,01/01/2021,Tether USD,USDT,1,0.001357690297266291,0.098564535748399450064422053,0.123838973939744519511407368,4414103744.70534222,78699326.314890,11887891.621734,2583,1230,0,172952.9436884000000000000000,0.07500000000000000,0,4414103744.70534222,48.82087738091147
Repay,09/06/2020,4658.537875,4658.537875,6.324851672335026,01/01/2021,Tether USD,USDT,1,0.001357690297266291,0.098508846989425613415222629,0.123775971642979078848837562,4414103744.70534222,78694702.745255,11892550.159609,2583,1229,0,172955.5663064000000000000000,0.07500000000000000,0,4414103744.70534222,48.82085991529274
Repay,21/08/2020,159084.877122430769987278,159678.74096872882,216.79427729294048,01/01/2021,Dai Stablecoin,DAI,1.003733,0.001362758555145986,0.081568449134357262746237080,0.113012516043337580171936165,56126537068.61979902,1009511148.136098294621935749,163951265.229960466399862052,14147,2727,0,1719756.995573607627226263150,0.15000000000000000,0.75000000000000000,56126537068.61979902,47.90005447311593
Repay,06/12/2020,30543.477125,30543.477125,41.12104302139288,01/01/2021,USD//C,USDC,1,0.001346311778881753,0.081802766527253968736344875,0.104582392038750321236105496,33796150710.35607706,617439061.885656,105564221.167190,214570,2104,0,488647.3099568500000000000000,0.07500000000000000,0.75000000000000000,33796150710.35607706,46.77573164397822
Repay,17/11/2020,17882.055153243506346055,17948.808865130562,24.164692792022514,01/01/2021,Dai Stablecoin,DAI,1.003733,0.001351337560752319,0.081570559963404404743634787,0.113015178414276670936600934,56126537068.61979902,1009514962.988365534665761857,163949147.285113709906208107,14147,2727,0,1720011.531686680159752087600,0.15000000000000000,0.75000000000000000,56126537068.61979902,47.89999551001616
Repay,19/08/2020,80692.921891,80692.921891,108.63783121423856,01/01/2021,USD//C,USDC,1,0.001346311778881753,0.081699437814451765548409039,0.104461796428135105028595264,33796150710.35607706,617367800.611160,105636914.089081,214570,2103,0,488754.6835114750000000000000,0.07500000000000000,0.75000000000000000,33796150710.35607706,46.775645910401096
Repay,09/09/2020,24014.667246,24014.667246,32.33122937921563,01/01/2021,USD//C,USDC,1,0.001346311778881753,0.081665412373194433025749617,0.104422079881186698550819086,33796150710.35607706,617344602.994572,105660928.756327,214570,2102,0,488815.9623108250000000000000,0.07500000000000000,0.75000000000000000,33796150710.35607706,46.77559698182121
Repay,09/12/2020,8115.116623,8115.116623,10.925477096544013,01/01/2021,Tether USD,USDT,1,0.001346311778881753,0.097551018940988431765953488,0.122691366149293738612977066,4420679895.10305075,78732170.079935,11990365.256728,2585,1230,0,172999.2501541250000000000000,0.07500000000000000,0,4420679895.10305075,48.82056922831328
Repay,05/08/2020,1914648.973471885047486466,1921796.3580898556,2567.564507327895,01/01/2021,Dai Stablecoin,DAI,1.003733,0.001341010567943460,0.082517055203770902196465295,0.114207877927228210981128176,56063271029.60205905,1009539631.483572063879470259,162620348.044530501863538665,14147,2727,0,1722512.046266133298931317800,0.15000000000000000,0.75000000000000000,56063271029.60205905,47.8994158912399
Repay,10/10/2020,203.80287873479446068,204.56367488111144,0.2733018141606588,01/01/2021,Dai Stablecoin,DAI,1.003733,0.001341010567943460,0.082516990053261776142971985,0.114207795905504303091145269,56063271029.60205905,1009539895.110297118633679141,162620551.847409236657999345,14147,2726,0,1722582.160706701731231752100,0.15000000000000000,0.75000000000000000,56063271029.60205905,47.8993996313727
Repay,03/11/2020,0.01020934,300.3821111419,0.4013174673568118,01/01/2021,Wrapped BTC,WBTC,29422.285,39.308855161725607600,0.000457551125647004230839150,0.026830934627290740146856078,1348130.21328569,587.85287227,26634.87970041,2744,362,0,1.5202055050000000000000000,0.20000000000000000,0.60000000000000000,1348130.21328569,49.52498790653143
Repay,29/12/2020,700620.240562,700620.240562,936.0448911301422,01/01/2021,Tether USD,USDT,1,0.001336023193362637,0.115960992424982171839566048,0.143221608539535210608848334,4420580126.66077123,80237544.216732,10484494.912542,2586,1231,0,173115.3063113000000000000000,0.07500000000000000,0,4420580126.66077123,48.819797519666864
Repay,07/12/2020,1.1,823.339,1.1,01/01/2021,Ether,ETH,748.49,1.000000000000000000,0.000684879668688911573065984,0.023902914697712324387607599,53890690.38895427,39107.003448065306693481,1040458.370391495130536192,57509,690,0,111.8439743078331545789000000,0.20000000000000000,0.75000000000000000,53890690.38895427,49.924048509694906
Repay,31/12/2020,742.09,742.09,0.9914494515624794,01/01/2021,USD//C,USDC,1,0.001336023193362637,0.081230219522074041506570065,0.103913867591684970765750919,33814904282.54836966,617390873.808920,106027035.005267,214575,2103,0,489670.4301369250000000000000,0.07500000000000000,0.75000000000000000,33814904282.54836966,46.77491137728175
Repay,29/10/2020,2968633.64,2968633.64,3966.1633956365495,01/01/2021,USD//C,USDC,1,0.001336023193362637,0.077027346873618425285578441,0.098983743968720140498024115,33814955720.14109352,614422733.774486,108996768.329231,214575,2103,0,489707.4505543750000000000000,0.07500000000000000,0.75000000000000000,33814955720.14109352,46.774881835330056
Repay,14/08/2020,21547.345624419766844491,21627.781865635723,28.895218193477177,01/01/2021,Dai Stablecoin,DAI,1.003733,0.001341010567943460,0.082461924907071054722836334,0.114138467497011704601939718,56069253113.27845396,1009587433.200974533373442710,162706987.852303413805213601,14152,2727,0,1723944.976151976907222961100,0.15000000000000000,0.75000000000000000,56069253113.27845396,47.899083617058686
Repay,06/08/2020,4949.326027980674878786,4967.801862043127,6.637098507719713,01/01/2021,Dai Stablecoin,DAI,1.003733,0.001341010567943460,0.082169513362464922413249247,0.113770189110333076353751536,56089140415.07395239,1009596477.418452517224109872,163121629.491241775128424702,14152,2728,0,1725219.007677871586054853300,0.15000000000000000,0.75000000000000000,56089140415.07395239,47.89878828005935
Repay,27/12/2020,826.085655384855768196,829.1694331364074,1.1077895938975908,01/01/2021,Dai Stablecoin,DAI,1.003733,0.001341010567943460,0.082058736113200208547936321,0.113630615505335469428208824,56096656786.18727251,1009597910.503618015644004963,163278256.140898962082961724,14152,2727,0,1725389.667901834889884261350,0.15000000000000000,0.75000000000000000,56096656786.18727251,47.898748725594174
Repay,24/09/2020,2523.87495933386708108,2533.29658455706,3.384542992634586,01/01/2021,Dai Stablecoin,DAI,1.003733,0.001341010567943460,0.082056717550594556172233427,0.113628071940505783789832902,56096656786.18727251,1009595645.082102045166775811,163280780.015858295950042804,14152,2726,0,1725428.435918339398362050550,0.15000000000000000,0.75000000000000000,56096656786.18727251,47.898739740709146
Repay,12/10/2020,600,602.7954,0.8073386950960633,01/01/2021,Dai Stablecoin,DAI,1.004659,0.001345564491826772,0.082108721322946845109102784,0.113693598025555430063719242,56118551296.02664581,1010053520.941213812423009965,163280780.016140471433706804,14152,2726,0,1725544.814785104486797173650,0.15000000000000000,0.75000000000000000,56118551296.02664581,47.89871277575
Repay,13/12/2020,39959.134647,39959.134647,53.51825117291348,01/01/2021,USD//C,USDC,1,0.001339324578615004,0.075177682483684313177008592,0.096801176150308265899107300,33899997765.09174916,614651314.885044,110593312.570490,214575,2103,0,490232.3879447500000000000000,0.07500000000000000,0.75000000000000000,33899997765.09174916,46.77446317787465
Repay,03/07/2020,5173.19397211889537142,5197.295882834997,6.960866118215482,01/01/2021,Dai Stablecoin,DAI,1.004659,0.001345564491826772,0.082050950416019579166432201,0.113620804792953998751664967,56122194924.22702114,1010050106.657954938723988319,163362022.717435768994575139,14152,2725,0,1725808.651392091266249639750,0.15000000000000000,0.75000000000000000,56122194924.22702114,47.898651654094984
Repay,22/11/2020,27032.399751835480980776,27158.343702279282,36.373837234936666,01/01/2021,Dai Stablecoin,DAI,1.004659,0.001345564491826772,0.082028886902242221721650985,0.113593001874597313861352881,56122199897.82882932,1010024108.450807300977005682,163389158.953429923301468531,14152,2725,0,1725963.780282720926349360600,0.15000000000000000,0.75000000000000000,56122199897.82882932,47.89861571790223
Repay,13/12/2020,310452.71486,310452.71486,415.7969515097535,01/01/2021,USD//C,USDC,1,0.001339324578615004,0.073848507946230182929985582,0.095227853745175579585522852,33935942218.43292730,614348905.083721,111666228.432889,214577,2102,0,490385.5314600250000000000000,0.07500000000000000,0.75000000000000000,33935942218.43292730,46.77434134766075
Repay,04/07/2020,50000.997707710784796043,50233.952356031004,67.27956707140746,01/01/2021,Dai Stablecoin,DAI,1.004659,0.001345564491826772,0.081987527556309765099417357,0.113540880448115959934867302,56122247271.56503487,1009976071.909493739351085692,163440148.993924333250752379,14152,2724,0,1726258.448741843300180768550,0.15000000000000000,0.75000000000000000,56122247271.56503487,47.89854745703344
Repay,28/12/2020,11750,11750,15.737063798726297,01/01/2021,Tether USD,USDT,1,0.001339324578615004,0.113897709915814725497242578,0.140953006215060216227765087,4429066820.36615500,80228014.555434,10670084.438952,2591,1231,0,173281.8317139500000000000000,0.07500000000000000,0,4429066820.36615500,48.81869105808974
Repay,12/10/2020,460004.241461601980145252,462147.40122257156,618.9653734004402,01/01/2021,Dai Stablecoin,DAI,1.004659,0.001345564491826772,0.082105927435377881895647782,0.113690077824950855266430600,56088744717.64501089,1009520047.760915198901812213,163200703.126894161657358661,14153,2723,0,1726855.462674302529811534500,0.15000000000000000,0.75000000000000000,56088744717.64501089,47.89840915206626
Repay,28/11/2020,40126.939681,40126.939681,53.74299657936501,01/01/2021,Tether USD,USDT,1,0.001339324578615004,0.113360556566223342340817678,0.140361099505638964427500502,4429240298.13660806,80188219.723091,10713764.893933,2592,1230,0,173306.7397643000000000000000,0.07500000000000000,0,4429240298.13660806,48.81852576016367
Repay,22/12/2020,26968.368051,26968.368051,36.11939817583991,01/01/2021,Tether USD,USDT,1,0.001339324578615004,0.113019604717519743726221257,0.139985113403153726678470318,4429240298.13660806,80160867.794590,10741247.097153,2592,1230,0,173316.5103682250000000000000,0.07500000000000000,0,4429240298.13660806,48.81846092040661
Repay,12/12/2020,513.835169,513.835169,0.6881920711984943,01/01/2021,Tether USD,USDT,1,0.001339324578615004,0.113019604717519743726221257,0.139985113403153726678470318,4429240298.13660806,80160867.794590,10741247.097153,2592,1230,0,173316.5103682250000000000000,0.07500000000000000,0,4429240298.13660806,48.81846092040661
Repay,01/01/2021,0.900002113821921087,671.9820782745683,0.9000021138219211,01/01/2021,Ether,ETH,746.645,1.000000000000000000,0.000685982821583270730385965,0.023908090996162526518826929,53815861.31059408,39107.220095060303297746,1038959.511738178095085018,57520,690,0,111.8873041295968596493000000,0.20000000000000000,0.75000000000000000,53815861.31059408,49.92404049550227
Repay,20/12/2020,8167.532458,8167.532458,10.938976967635218,01/01/2021,USD//C,USDC,1,0.001339324578615004,0.072999445027331392728838273,0.094220658718377907164025217,33976039951.32314751,614464538.508846,112411702.294334,214578,2102,0,490673.9257787500000000000000,0.07500000000000000,0.75000000000000000,33976039951.32314751,46.77411212529994
Repay,22/12/2020,110324.05717,110324.05717,147.75972138030787,01/01/2021,Tether USD,USDT,1,0.001339324578615004,0.111620222684506373483547151,0.138439650523818789837947751,4429386753.48206844,80050598.689228,10854571.154329,2593,1229,0,173320.6317538250000000000000,0.07500000000000000,0,4429386753.48206844,48.81843357057758
Repay,21/06/2020,0.00000001,0.00029374,3.934132017223714e-7,01/01/2021,Wrapped BTC,WBTC,29374,39.341320172237140800,0.000457991397617931696633082,0.026836074544549584919601527,1347099.81184383,587.85759698,26614.07394279,2743,362,0,1.5211504490000000000000000,0.20000000000000000,0.60000000000000000,1347099.81184383,49.52498115147953
Repay,08/12/2020,8034.203281,8034.203281,10.760405923832607,01/01/2021,Tether USD,USDT,1,0.001339324578615004,0.111565879430298571166320999,0.138379559935584888397516207,4429189771.12244318,80042994.207352,10858570.357609,2593,1228,0,173352.8608592000000000000000,0.07500000000000000,0,4429189771.12244318,48.818219690779905
Repay,23/08/2020,18887.023806,18887.023806,25.2958552002625,01/01/2021,Tether USD,USDT,1,0.001339324578615004,0.111333037611042116207529721,0.138122029582663404210374545,4429190489.03361175,80024437.846176,10877472.088380,2594,1227,0,173377.6605564500000000000000,0.07500000000000000,0,4429190489.03361175,48.818055114762394
Repay,20/12/2020,200.16744012,148627.3268007018,200.16744012,01/01/2021,Ether,ETH,742.515,1.000000000000000000,0.000681895948016404834831535,0.023888902487712366984995715,53818588.79196510,38907.145389445451021084,1039214.311802815982792771,57523,690,0,111.9058510306264043169000000,0.20000000000000000,0.75000000000000000,53818588.79196510,49.924037059788056
Repay,28/12/2020,12,8910.18,12,01/01/2021,Ether,ETH,742.515,1.000000000000000000,0.000681119469814862995225925,0.023885254073865836853873196,53855183.11110621,38895.152816162728258948,1039959.311802361880980284,57524,690,0,111.9073363740818518897000000,0.20000000000000000,0.75000000000000000,53855183.11110621,49.92403678482123
Repay,21/12/2020,1565.94912,1565.94912,2.108979778186299,01/01/2021,USD//C,USDC,1,0.001346774139242978,0.073693909556479936754148786,0.095044589012173079454223305,34118702305.05222265,617553402.845339,112379180.912481,214579,2106,0,491147.2140301750000000000000,0.07500000000000000,0.75000000000000000,34118702305.05222265,46.77373754185407
Repay,20/12/2020,0.000009006379596342,0.0066873719459778795,0.000009006379596342,01/01/2021,Ether,ETH,742.515,1.000000000000000000,0.000681119777636085528523940,0.023885255511162631860781671,53855183.11110621,38895.168528541839985460,1039959.311811368260576626,57523,689,0,111.9104806511801164605000000,0.20000000000000000,0.75000000000000000,53855183.11110621,49.92403620275463
Repay,03/06/2020,9.571808,9.571808,0.012891063480199052,01/01/2021,USD//C,USDC,1,0.001346774139242978,0.073637043741344831565472611,0.094977164722703785123444255,34121041473.39292512,617555713.058083,112428400.838555,214581,2106,0,491261.1978715750000000000000,0.07500000000000000,0.75000000000000000,34121041473.39292512,46.773647400604084
Repay,07/04/2020,6915.009375725702887702,6947.226404407209,9.356344860921608,01/01/2021,Dai Stablecoin,DAI,1.004659,0.001353048759957711,0.082637452089451569762322130,0.114359434688196268196973542,56266671522.46705382,1013384862.306170743712216928,163070529.549265069557281582,14153,2729,0,1729848.238121550662805397050,0.15000000000000000,0.75000000000000000,56266671522.46705382,47.897716899222225
Repay,10/05/2020,1000,1000,1.346774139242978,01/01/2021,Tether USD,USDT,1,0.001346774139242978,0.116203435664536121011557149,0.143487659703534762188541754,4429604357.26208283,80424279.985960,10486949.868004,2595,1228,0,173440.8210402500000000000000,0.07500000000000000,0,4429604357.26208283,48.81763600890518
Repay,16/06/2020,683994.205451132749107162,687180.9344543295,925.477511503915,01/01/2021,Dai Stablecoin,DAI,1.004659,0.001353048759957711,0.082701753506382906289423245,0.114440363358030924562367846,56224441764.17190267,1012706932.718727117197033163,162872814.467168854741081331,14153,2729,0,1730751.630822676597893906600,0.15000000000000000,0.75000000000000000,56224441764.17190267,47.89750809267019
Repay,24/11/2020,0.721233977686708156,102.55947162704989,0.13812444412173477,01/01/2021,Compound,COMP,142.2,0.191511282600351508,0.358176086468482701876696880,0.600542914249532833812780396,4726587.81553575,82523.290012331893644110,12784.415273734973830709,2648,89,82500.00000000000000000,197.7016710398594053380500000,0.25000000000000000,0.60000000000000000,4726587.81553575,49.69601131198956
Repay,26/11/2020,9950,9996.35705,13.462835161579225,01/01/2021,Dai Stablecoin,DAI,1.004659,0.001353048759957711,0.083011098523914914141489093,0.114829558045149224224053023,56207787489.84314091,1012785748.846830371982444188,162450057.538035489363288304,14153,2729,0,1731316.550038164815705560350,0.15000000000000000,0.75000000000000000,56207787489.84314091,47.89737745081355
Repay,30/12/2020,36810.178612,36810.178612,49.574996615556586,01/01/2021,USD//C,USDC,1,0.001346774139242978,0.073186356671776046900536534,0.094442527393246673213448381,34152698496.15149939,617807296.374026,112861121.677046,214585,2107,0,491822.8349632000000000000000,0.07500000000000000,0.75000000000000000,34152698496.15149939,46.77320352351666
Repay,12/11/2020,92.725038,92.725038,0.12487968323872242,01/01/2021,USD//C,USDC,1,0.001346774139242978,0.073186268725751497009033540,0.094442423018586483972300916,34152698496.15149939,617807336.261693,112861214.402084,214585,2106,0,491832.7809160750000000000000,0.07500000000000000,0.75000000000000000,34152698496.15149939,46.77319566580658
Repay,10/08/2020,9535344.208970147705168148,9579769.377639739,12901.785657717,01/01/2021,Dai Stablecoin,DAI,1.004659,0.001353048759957711,0.082002551800992921994087543,0.113559814626290980232041515,55750747371.48125977,1003338294.676649490756571043,162362363.777632652302686251,14153,2729,0,1732362.055856554787599810800,0.15000000000000000,0.75000000000000000,55750747371.48125977,47.89713563847602
Repay,01/01/2021,39001.050698154221659959,39182.75659335692,52.77032328418539,01/01/2021,Dai Stablecoin,DAI,1.004659,0.001353048759957711,0.081970370240233466747147673,0.113519257404320547638931980,55750747371.48125977,1003299653.004900974411455289,162401364.828330806524346210,14153,2728,0,1732415.962699000469081441550,0.15000000000000000,0.75000000000000000,55750747371.48125977,47.897123068344044
Repay,22/08/2020,0.142804135159702026,106.03421241810615,0.14280413515970203,01/01/2021,Ether,ETH,742.515,1.000000000000000000,0.000686711204699629303703128,0.023911506679451905471567897,53612431.50351552,38995.246154252038492351,1034996.985789438462063757,57526,690,0,111.9448226738844498619000000,0.20000000000000000,0.75000000000000000,53612431.50351552,49.9240298443749
Repay,27/11/2020,4100,4100,5.52177397089621,01/01/2021,USD//C,USDC,1,0.001346774139242978,0.073040113419552054466624207,0.094268940119942008882462384,34158371529.16432798,617805461.682220,112986601.482952,214584,2106,0,491999.6874556000000000000000,0.07500000000000000,0.75000000000000000,34158371529.16432798,46.773063891711686
Repay,16/06/2020,2000000,2009318,2706.0975199154223,01/01/2021,Dai Stablecoin,DAI,1.004659,0.001353048759957711,0.080320733869930007473581824,0.111436851544356143251632129,55750742630.34336456,1001301295.264718845698245142,164401265.886040677270600054,14154,2728,0,1732662.301671681162099919500,0.15000000000000000,0.75000000000000000,55750742630.34336456,47.89706562469414
Repay,10/10/2020,1903.900997599701904028,9439.350755999563,12.712673489423866,01/01/2021,Uniswap,UNI,4.9579,0.006677171504952762,0.010586902305284058046677778,0.084159778901216074819853003,686377218.44715498,2402036.833831991676939510,11446550.077764616533443198,2227,66,11250000.00000000000000000,24308.86134441295361064335000,0.25000000000000000,0.60000000000000000,686377218.44715498,49.65013116432748
Repay,16/06/2020,2000000,2009318,2723.077444317204,01/01/2021,Dai Stablecoin,DAI,1.004659,0.001361538722158602,0.078679470129885244295888101,0.109358288085194821424313401,55750733050.93728040,999302452.775734905090252792,166401065.842481097784755765,14154,2728,0,1732835.928324090070901067000,0.15000000000000000,0.75000000000000000,55750733050.93728040,47.897025139928324
Repay,30/12/2020,15132.949407,15132.949407,20.508547276337104,01/01/2021,USD//C,USDC,1,0.001355224730140876,0.073377169904786783930112838,0.094668942223802302396925313,34161310257.18621405,618104291.130256,112751530.850244,214584,2106,0,492069.2952538750000000000000,0.07500000000000000,0.75000000000000000,34161310257.18621405,46.77300883510327
Repay,24/12/2020,48572.145986,48572.145986,65.8261734362401,01/01/2021,Tether USD,USDT,1,0.001355224730140876,0.124264972159915415992339296,0.152273264202691769800043542,4392377381.71075021,80382069.039921,9768592.359269,2597,1229,0,173591.6610362750000000000000,0.07500000000000000,0,4392377381.71075021,48.81663066482612
Repay,08/12/2020,5633.25121108820406483,5659.496528480664,7.6698896555434315,01/01/2021,Dai Stablecoin,DAI,1.004659,0.001361538722158602,0.078627316629369352136035322,0.109292127973396389902631937,55754685774.27752836,999310277.267577676631501855,166476704.080607895436892933,14155,2728,0,1732976.515919019716257495950,0.15000000000000000,0.75000000000000000,55754685774.27752836,47.89699235845286
Repay,16/06/2020,954011.787435403118453635,958456.5283530646,1298.9239899890426,01/01/2021,Dai Stablecoin,DAI,1.004659,0.001361538722158602,0.077847567348089506413479425,0.108302147134031647167726645,55754685774.27752836,998357153.025334484243446674,167430715.868043298555346568,14154,2727,0,1733109.647697851325817264050,0.15000000000000000,0.75000000000000000,55754685774.27752836,47.896961316843175
Repay,12/12/2020,200893.748307,200893.748307,272.2561758363432,01/01/2021,USD//C,USDC,1,0.001355224730140876,0.071937519777200562388595020,0.092958556484374541518329308,34211069663.00840838,617956610.679830,113965025.467455,214586,2107,0,492216.5425949500000000000000,0.07500000000000000,0.75000000000000000,34211069663.00840838,46.77289256630969
Repay,28/06/2020,540.611185383276273446,543.1298928959769,0.7360630625313931,01/01/2021,Dai Stablecoin,DAI,1.004659,0.001361538722158602,0.080209693660363599032859666,0.111296438104182424722818793,55594253764.35372653,998360426.270278958660125425,164080825.419400441231352029,14155,2726,0,1733546.276117329979760093600,0.15000000000000000,0.75000000000000000,55594253764.35372653,47.896859394541025
Repay,19/12/2020,2731.539065,2731.539065,3.7018492922338857,01/01/2021,USD//C,USDC,1,0.001355224730140876,0.071936300762375416034344523,0.092957106141147007171660654,34210975968.13534172,617954558.529795,113965753.817352,214586,2107,0,492267.4967722000000000000000,0.07500000000000000,0.75000000000000000,34210975968.13534172,46.7728523796674
Repay,10/10/2020,30122.40011,30122.40011,40.79939877151043,01/01/2021,Tether USD,USDT,1,0.001354453782650802,0.124162783268283986191252333,0.152162626897997749312416830,4391607774.39672629,80360581.188252,9774949.427106,2598,1228,0,173639.2521693500000000000000,0.07500000000000000,0,4391607774.39672629,48.81631219454015
Repay,07/12/2020,104765,104765,141.89935053941127,01/01/2021,Tether USD,USDT,1,0.001354453782650802,0.122815020487914676104283561,0.150701704345589522403278387,4391607774.39672629,80255854.093396,9879714.427106,2598,1228,0,173642.0950551500000000000000,0.07500000000000000,0,4391607774.39672629,48.816293168600964
Repay,14/11/2020,3656.261265057892620771,3677.628455890891,4.981177773265644,01/01/2021,Dai Stablecoin,DAI,1.005844,0.001362369210556613,0.080186099222223193586706038,0.111266598321184215164585446,55595674428.89010799,998358874.855182733569536935,164114142.624897647566988416,14154,2726,0,1733862.003042654900064935750,0.15000000000000000,0.75000000000000000,55595674428.89010799,47.896785566815424
Repay,14/11/2020,1871.456955675764400423,1882.3937501247335,2.5496153352946735,01/01/2021,Dai Stablecoin,DAI,1.005844,0.001362369210556613,0.080182390360153337339657573,0.111261907613282869759260509,55595848359.46505951,998358857.273041297077042972,164119645.473637956387947808,14156,2725,0,1734140.084264790790850904750,0.15000000000000000,0.75000000000000000,55595848359.46505951,47.896720542276974
Repay,20/12/2020,25142.56273,25142.56273,34.054439195183576,01/01/2021,Tether USD,USDT,1,0.001354453782650802,0.122813791529130038339624130,0.150700370727147453436753419,4391607774.39672629,80255979.678935,9879856.989836,2598,1228,0,173662.2061753250000000000000,0.07500000000000000,0,4391607774.39672629,48.81615857587634
Repay,10/08/2020,9272846.86412659044686086,9327037.381200546,12633.041061892507,01/01/2021,Dai Stablecoin,DAI,1.005844,0.001362369210556613,0.079135791814990426429708386,0.109936870049709597894599927,55151315622.58468599,989116012.083070806465848829,164082168.854700929421883775,14156,2726,0,1734252.835388205766200912300,0.15000000000000000,0.75000000000000000,55151315622.58468599,47.896694179099676
Repay,13/12/2020,30116.628942,30116.628942,41.194992226515744,01/01/2021,USD//C,USDC,1,0.001367848715932018,0.071744831270646393391620121,0.092729258177010563727520815,34217458902.06411670,617935100.433865,114128175.351030,214588,2107,0,492594.3867481000000000000000,0.07500000000000000,0.75000000000000000,34217458902.06411670,46.772594599703126
Repay,13/12/2020,1002009.590057,1002009.590057,1370.5975311110353,01/01/2021,Tether USD,USDT,1,0.001367848715932018,0.112732235543621432053339383,0.139668046494525843096428358,4384066076.42480458,79324758.157970,10657374.416744,2598,1227,0,173721.3113572250000000000000,0.07500000000000000,0,4384066076.42480458,48.81576251882303
Repay,30/11/2020,55455.332495,55455.332495,75.85450534486887,01/01/2021,USD//C,USDC,1,0.001367848715932018,0.071762495187754408714840205,0.092750281828850776072827151,34213739492.26754210,617882073.998319,114103316.668705,214588,2106,0,492776.5540192750000000000000,0.07500000000000000,0.75000000000000000,34213739492.26754210,46.77250163865907
Repay,01/01/2021,200.014014,200.014014,0.27358891221830867,01/01/2021,USD//C,USDC,1,0.001367848715932018,0.071762385356050670182792890,0.092750151109096231942338817,34213739492.26754210,617882421.466592,114103516.682719,214587,2105,0,492817.6151908000000000000000,0.07500000000000000,0.75000000000000000,34213739492.26754210,46.77246925751729
Repay,05/12/2020,21.14155715,616623.6409986888,843.447855553382,01/01/2021,Wrapped BTC,WBTC,29166.425,39.895256984577505700,0.000436997067547692261838667,0.026589221365416497617105924,1348689.86990049,566.72369400,26667.32145587,2747,361,0,1.5226812830000000000000000,0.20000000000000000,0.60000000000000000,1348689.86990049,49.524970426667984
Repay,23/11/2020,24.253114,24.253114,0.03317459084225285,01/01/2021,Tether USD,USDT,1,0.001367848715932018,0.115278826680611449237737928,0.142472433912018131410069936,4383375940.03773917,79515144.566731,10453261.072041,2598,1227,0,173752.1109978500000000000000,0.07500000000000000,0,4383375940.03773917,48.81555602508025
Repay,23/11/2020,1430.556894,1430.556894,1.956785410525596,01/01/2021,Tether USD,USDT,1,0.001367848715932018,0.115260871247544192155658678,0.142452703085849697390314309,4383375940.03773917,79513754.317788,10454691.628935,2598,1227,0,173755.1340941750000000000000,0.07500000000000000,0,4383375940.03773917,48.81553575572027
Repay,16/11/2020,450,450,0.6155319221694081,01/01/2021,USD//C,USDC,1,0.001367848715932018,0.073678738741887381796609431,0.095026602124285197049045289,34137079809.20089921,617894211.988588,112455761.594754,214589,2105,0,492985.6543405000000000000000,0.07500000000000000,0.75000000000000000,34137079809.20089921,46.77228604204532
Repay,27/12/2020,28938.472828,28938.472828,39.58345289881339,01/01/2021,Tether USD,USDT,1,0.001367848715932018,0.115145970730064265907163778,0.142326427309972240072693947,4383388228.59431250,79505103.078859,10463881.836773,2599,1227,0,173776.6766366000000000000000,0.07500000000000000,0,4383388228.59431250,48.81539131718081
Repay,07/12/2020,9072.74411,9072.74411,12.3375748563658,01/01/2021,Tether USD,USDT,1,0.001359850416454190,0.118951723862645601117246719,0.146496014014428627499093470,4388428271.74410171,79897562.121587,10175202.149337,2601,1228,0,173816.5606494500000000000000,0.07500000000000000,0,4388428271.74410171,48.8151239087588
Repay,18/12/2020,1300,1307.5972,1.7781365969743326,01/01/2021,Dai Stablecoin,DAI,1.005844,0.001367797382287948,0.085133390612092089166128372,0.117493373863700928750028604,54867041192.90948722,991165978.988658475026904017,156118236.342664281030175017,14160,2727,0,1737442.871226356050359190500,0.15000000000000000,0.75000000000000000,54867041192.90948722,47.895941494454085
Repay,21/10/2020,11075.976549751934210814,11140.704556708684,15.149691731033395,01/01/2021,Dai Stablecoin,DAI,1.005844,0.001367797382287948,0.085124132439593813237192412,0.117481777110068462459053706,54867041192.90948722,991155531.571330365777060675,156129312.319214032964385831,14160,2726,0,1737537.155109602453014311300,0.15000000000000000,0.75000000000000000,54867041192.90948722,47.895919156118346
Repay,02/07/2020,60000,60350.64,82.06784293727688,01/01/2021,Dai Stablecoin,DAI,1.005844,0.001367797382287948,0.085073302428771852208353710,0.117418103931774027820519194,54867046552.62165179,991096264.813506092052650914,156189424.224567665686806583,14160,2726,0,1737647.141435961394352847150,0.15000000000000000,0.75000000000000000,54867046552.62165179,47.895893097403835
Repay,14/12/2020,36645.407217,36645.407217,49.83227226517083,01/01/2021,USD//C,USDC,1,0.001359850416454190,0.076451659251252409076505106,0.098305293608081140197077445,34027920976.28560986,617920273.685523,110103369.422551,214588,2105,0,493548.6871519000000000000000,0.07500000000000000,0.75000000000000000,34027920976.28560986,46.77183973175726
Repay,10/12/2020,2615.087447,2615.087447,3.5561277538670746,01/01/2021,Tether USD,USDT,1,0.001359850416454190,0.189658254163023747354832162,0.219643875230531332611004253,4393159757.15974439,85094022.674263,5077318.313629,2604,1231,0,173940.2321250500000000000000,0.07500000000000000,0,4393159757.15974439,48.8142959715226
Liquidation,21/06/2020,0.07553736,2218.8344126399998,2.971739464725539,01/01/2021,Wrapped BTC,WBTC,29374,39.341320172237140800,0.000457991397617931696633082,0.026836074544549584919601527,1347099.81184383,587.85759698,26614.07394279,2743,362,0,1.5211504490000000000000000,0.20000000000000000,0.60000000000000000,1347099.81184383,49.52498115147953
Liquidation,22/08/2020,5459.59411475,4053830.524113596,5459.59411475,01/01/2021,Ether,ETH,742.515,1.000000000000000000,0.000686711204699629303703128,0.023911506679451905471567897,53612431.50351552,38995.246154252038492351,1034996.985789438462063757,57526,690,0,111.9448226738844498619000000,0.20000000000000000,0.75000000000000000,53612431.50351552,49.9240298443749
Liquidation,03/12/2020,107730.33447903,107730.33447903,147.9771633733002,02/01/2021,Tether USD,USDT,1,0.001373588637674789,0.126437738739711777925837863,0.154621303179564519674243004,4535014124.80240259,83189383.368105,9911469.988582,2636,1219,0,175705.0722915500000000000000,0.07500000000000000,0,4535014124.80240259,48.802872080689106
Liquidation,14/12/2020,682.94151383,682.94151383,0.9330184486112816,02/01/2021,USD//C,USDC,1,0.001366176209407489,0.057818267724375516569360532,0.075915157782901840983207118,39141364628.28977760,695079625.413197,142426551.755011,214632,2120,0,503950.3090541500000000000000,0.07500000000000000,0.75000000000000000,39141364628.28977760,46.76375208124299
Liquidation,19/12/2020,32248.66708762,970599420.3695798,1325991.7215901797,02/01/2021,Wrapped BTC,WBTC,30097.35,41.117721795677477500,0.000466835546826276130158299,0.026939008733309370975267577,1355250.05329114,600.56006066,26766.00194914,2744,363,0,1.5335506330000000000000000,0.20000000000000000,0.60000000000000000,1355250.05329114,49.52489105989052
Liquidation,27/06/2020,23297.23788426,707435538.5878009,966468.398846691,02/01/2021,Wrapped BTC,WBTC,30365.64,41.484248203502827900,0.000466820983602512978404030,0.026938839732198425844741375,1355250.05329114,600.54505138,26766.01714066,2744,363,0,1.5335870810000000000000000,0.20000000000000000,0.60000000000000000,1355250.05329114,49.52489079603795
Liquidation,07/11/2020,84489.51343784,2595064566.5708504,3466302.3242626456,02/01/2021,Wrapped BTC,WBTC,30714.635,41.026420714481303100,0.000466768395379081544069946,0.026938229449364836887262375,1355253.33215735,600.49230473,26766.13679321,2744,363,0,1.5337283190000000000000000,0.20000000000000000,0.60000000000000000,1355253.33215735,49.52488978575969
Liquidation,12/12/2020,263248.14027427,203078829.09248143,263248.14027427,02/01/2021,Ether,ETH,771.435,1.000000000000000000,0.000636973106574160353925448,0.023676241018522364348036375,55520250.16434669,37826.889587887441197375,1074383.292193163010525642,57577,700,0,112.6495744469250867043000000,0.20000000000000000,0.75000000000000000,55520250.16434669,49.923903755261854
Liquidation,29/09/2020,28355.80301395,22051315.550843425,28355.80301395,02/01/2021,Ether,ETH,777.665,1.000000000000000000,0.000636215036345014679175386,0.023672624091701911302621558,55525563.75314820,37791.216687621206890510,1074525.722353008515857174,57580,697,0,112.7141344628647929721000000,0.20000000000000000,0.75000000000000000,55525563.75314820,49.9238921321601
Liquidation,05/11/2020,26107.95417363,885042023.5908818,1136082.0810378059,03/01/2021,Wrapped BTC,WBTC,33899.324999,43.514787619218772100,0.000502129109068517397129041,0.027343819151247931622217484,1352428.48057860,635.19019512,26674.43491137,2747,368,0,1.5407612410000000000000000,0.20000000000000000,0.60000000000000000,1352428.48057860,49.52483899932662
Liquidation,26/09/2019,368157.00514982,12696334270.212696,15898339.296154741,03/01/2021,Wrapped BTC,WBTC,34486.195,43.183584921017537000,0.000545880382815721187179162,0.027833148045054774932548184,1352350.98437879,678.50338096,26629.56209346,2747,370,0,1.5417935570000000000000000,0.20000000000000000,0.60000000000000000,1352350.98437879,49.524831508537304
Liquidation,23/11/2020,217686.84818435,175368524.89731237,217686.84818435,03/01/2021,Ether,ETH,805.6,1.000000000000000000,0.000648011587671240606383432,0.023728798691981450701101598,55573201.64115333,38434.630564236607931000,1074838.205592266523136236,57613,696,0,113.0517389867588939041000000,0.20000000000000000,0.75000000000000000,55573201.64115333,49.923831617967714
Liquidation,17/12/2020,262276.80865882,9072961312.69521,11262365.085272107,03/01/2021,Wrapped BTC,WBTC,34593.075,42.940758440913604800,0.000545725621342103224640628,0.027831440294254167372608792,1352353.70858054,678.35350286,26629.76732840,2747,370,0,1.5418484890000000000000000,0.20000000000000000,0.60000000000000000,1352353.70858054,49.524830973286434
Liquidation,31/12/2020,74602.74013716,61101136.22713678,74602.74013716,03/01/2021,Ether,ETH,819.02,1.000000000000000000,0.000653316266557973487465082,0.023753983633374023573098530,55205338.54662865,38452.327017228771674585,1067452.205520982346715188,57619,696,0,113.0883899065470314313000000,0.20000000000000000,0.75000000000000000,55205338.54662865,49.92382500223498
Liquidation,25/05/2019,36020.29138249,29823540.518483046,36020.29138249,03/01/2021,Ether,ETH,827.964999,1.000000000000000000,0.000650426453657622388878957,0.023740269099282191182194337,55381951.31988074,38426.700911014215933832,1071015.616628291946898043,57627,694,0,113.1164382545421665659000000,0.20000000000000000,0.75000000000000000,55381951.31988074,49.92381996697827
Liquidation,31/12/2020,38505.62261514,32233634.27547292,38505.62261514,03/01/2021,Ether,ETH,837.115,1.000000000000000000,0.000650435145211428736336123,0.023740309967666898287547128,55346653.89841932,38402.667557564531764116,1070332.987541548993077551,57631,693,0,113.1890765880767410957000000,0.20000000000000000,0.75000000000000000,55346653.89841932,49.923806881697054
Liquidation,21/12/2020,1582069.56246456,1334048517.156991,1582069.56246456,03/01/2021,Ether,ETH,843.23,1.000000000000000000,0.000649723044454255737774895,0.023736928154590561123804668,55345918.77993673,38365.530527095869328213,1070355.422047746558535420,57632,693,0,113.1935339176570389029000000,0.20000000000000000,0.75000000000000000,55345918.77993673,49.923806078912364
Liquidation,21/09/2020,901082.42058714,768163752.726331,901082.42058714,03/01/2021,Ether,ETH,852.49,1.000000000000000000,0.000649690303443950348681849,0.023736772683582372509924132,55354164.51262217,38369.562322840013455374,1070516.574154901721823619,57632,693,0,113.1970446264525203791000000,0.20000000000000000,0.75000000000000000,55354164.51262217,49.92380544651749
Liquidation,24/10/2020,79306.70773046,69549603.4783815,79306.70773046,03/01/2021,Ether,ETH,876.97,1.000000000000000000,0.000649591113117016452308585,0.023736301572390323480359763,55358966.68789793,38367.787514407018834378,1070614.555322823029525653,57632,693,0,113.2002985901402919687000000,0.20000000000000000,0.75000000000000000,55358966.68789793,49.92380486047197
Liquidation,09/12/2020,249861.03259533,219607858.76868743,249861.03259533,03/01/2021,Ether,ETH,878.92,1.000000000000000000,0.000649646349427812049166216,0.023736563932126067232053809,55359457.43889879,38370.970114132498491940,1070621.209594639229896940,57632,693,0,113.2016688528642779693000000,0.20000000000000000,0.75000000000000000,55359457.43889879,49.92380461279327
Liquidation,06/12/2020,51904.99668595,45620339.68721517,51904.99668595,03/01/2021,Ether,ETH,878.92,1.000000000000000000,0.000649646349427812049166216,0.023736563932126067232053809,55359457.43889879,38370.970114132498491940,1070621.209594639229896940,57632,693,0,113.2016688528642779693000000,0.20000000000000000,0.75000000000000000,55359457.43889879,49.92380461279327
Liquidation,06/09/2020,471842.45309881,421381261.95215774,471842.45309881,03/01/2021,Ether,ETH,893.055,1.000000000000000000,0.000653251117415103136514691,0.023753673536070139447930670,55088028.66547993,38367.304726373836716608,1065188.095630033221500403,57632,693,0,113.2179511379330020187000000,0.20000000000000000,0.75000000000000000,55088028.66547993,49.923801667070364
Liquidation,18/12/2020,117062.02923736,106117900.12395921,117062.02923736,03/01/2021,Ether,ETH,906.51,1.000000000000000000,0.000653874804015344831870605,0.023756631646214849077031631,55038697.15589028,38364.810921808175267248,1064202.462378151359468921,57632,693,0,113.2197506938281737449000000,0.20000000000000000,0.75000000000000000,55038697.15589028,49.92380134001725
Liquidation,01/01/2021,2046.60626511,1878968.7438882338,2046.60626511,03/01/2021,Ether,ETH,918.089999,1.000000000000000000,0.000653593969399745462814844,0.023755299647025601588747998,55045948.02845019,38355.516765967009725677,1064357.005155249194165494,57632,693,0,113.2217215954527958197000000,0.20000000000000000,0.75000000000000000,55045948.02845019,49.92380098416928
Liquidation,12/12/2020,158185.06446282,145228125.67448536,158185.06446282,03/01/2021,Ether,ETH,918.089999,1.000000000000000000,0.000653593969399745462814844,0.023755299647025601588747998,55045948.02845019,38355.516765967009725677,1064357.005155249194165494,57632,693,0,113.2217215954527958197000000,0.20000000000000000,0.75000000000000000,55045948.02845019,49.92380098416928
Liquidation,03/07/2020,107165.90450258,102943032.03565584,107165.90450258,03/01/2021,Ether,ETH,960.595,1.000000000000000000,0.000660877280399553254747843,0.023789800645367491297808628,54444186.49607954,38303.839323658791803988,1052355.287983535015988580,57633,693,0,113.2628079394106672041000000,0.20000000000000000,0.75000000000000000,54444186.49607954,49.92379345831425
Liquidation,10/08/2020,39536.8714367,37381518.8903283,39536.8714367,03/01/2021,Ether,ETH,945.485,1.000000000000000000,0.000657537647895146433591102,0.023773989757704151750267721,54459576.84544968,38146.175155312311316367,1052821.365518391749788381,57631,692,0,113.2901113136188236893000000,0.20000000000000000,0.75000000000000000,54459576.84544968,49.92378845970762
Liquidation,23/07/2020,2923.87474385,2764479.7121890173,2923.87474385,03/01/2021,Ether,ETH,945.485,1.000000000000000000,0.000605656023352901035443371,0.023526045269528309150269039,58519121.00605826,38149.747868971914660887,1134132.652673862552641174,57633,692,0,113.2966571651797107933000000,0.20000000000000000,0.75000000000000000,58519121.00605826,49.92378728638294
Liquidation,02/05/2020,224065.37742276,218645235.94290343,224065.37742276,03/01/2021,Ether,ETH,975.81,1.000000000000000000,0.000590471837359401419598808,0.023452619204523313118201860,58423213.24381555,37247.565046369094401911,1133114.274686224646337776,57639,692,0,113.4011530243140495535000000,0.20000000000000000,0.75000000000000000,58423213.24381555,49.923769447390846
Liquidation,30/12/2020,460096.17685184,457317195.9436549,460096.17685184,03/01/2021,Ether,ETH,993.96,1.000000000000000000,0.000590218998769370235461694,0.023451393230363085690766133,58428114.61929639,37236.668772884563334334,1133223.372797529647394023,57640,692,0,113.4060813523572147705000000,0.20000000000000000,0.75000000000000000,58428114.61929639,49.923768606281826
Liquidation,21/12/2020,944770.8735585,942158581.1483399,944770.8735585,04/01/2021,Ether,ETH,997.234999,1.000000000000000000,0.000585349275130022488747959,0.023427759533025476244245917,58563849.13757619,37052.235789080086723466,1136126.748612499011844190,57641,692,0,113.4275172010843844325000000,0.20000000000000000,0.75000000000000000,58563849.13757619,49.9237649540404
Liquidation,06/08/2020,276476.15251253,280052371.54527956,276476.15251253,04/01/2021,Ether,ETH,1012.935,1.000000000000000000,0.000585224649197948040147831,0.023427154139975826851724191,58563927.15125402,37045.345329102899553649,1136135.214383531779615334,57642,692,0,113.4300475320990901361000000,0.20000000000000000,0.75000000000000000,58563927.15125402,49.923764523155086
Liquidation,04/01/2021,220.34467826,220.34467826,0.22739388881320938,04/01/2021,Tether USD,USDT,1,0.001031991744066047,0.198061768181740824796672433,0.227856051091370922686298238,4868555072.54393343,95019695.549524,5007237.042133,2700,1220,0,182394.6056663750000000000000,0.07500000000000000,0,4868555072.54393343,48.761356111708785
Liquidation,09/12/2020,147208.41301673,154220685.77078193,147208.41301673,04/01/2021,Ether,ETH,1047.635,1.000000000000000000,0.000590355439476775465085421,0.023452050554757256656645542,57616342.97425988,36726.807611348211914922,1117473.742953141481583277,57649,691,0,113.5535982409971582587000000,0.20000000000000000,0.75000000000000000,57616342.97425988,49.923743292937274
Liquidation,12/12/2020,94359.4875716,102341356.62528163,94359.4875716,04/01/2021,Ether,ETH,1084.59,1.000000000000000000,0.000590725379546644085702520,0.023453844151744442830427465,57607268.41147219,36741.251001025126887886,1117277.589836254532635426,57648,691,0,113.5653462109195325709000000,0.20000000000000000,0.75000000000000000,57607268.41147219,49.92374125939948
Liquidation,21/12/2020,603538.1349998,662808597.5474553,603538.1349998,04/01/2021,Ether,ETH,1098.205,1.000000000000000000,0.000593096781403602171310746,0.023465335274695072166198389,57384531.33825135,36728.284730149573445372,1112829.058545882848041898,57643,691,0,113.5750708899160254739000000,0.20000000000000000,0.75000000000000000,57384531.33825135,49.92373957349592
Liquidation,31/12/2020,335502.19438038,373851772.3735271,335502.19438038,04/01/2021,Ether,ETH,1114.304999,1.000000000000000000,0.000592906675598129664796447,0.023464414369130172547479173,57389873.17837491,36721.358244132005657618,1112942.988680091438549731,57644,691,0,113.5758002486848621271000000,0.20000000000000000,0.75000000000000000,57389873.17837491,49.92373944672482
Liquidation,02/05/2020,134718.40791684,156520561.4620618,134718.40791684,04/01/2021,Ether,ETH,1161.835,1.000000000000000000,0.000592148543172022271743674,0.023460741399221635897884857,57447691.25155385,36717.047832149759004845,1114105.454282499473979472,57648,691,0,113.5812284788929743593000000,0.20000000000000000,0.75000000000000000,57447691.25155385,49.923738496189735
Liquidation,05/07/2020,122140.3143369,141906892.10761222,122140.3143369,04/01/2021,Ether,ETH,1161.835,1.000000000000000000,0.000592148543172022271743674,0.023460741399221635897884857,57447691.25155385,36717.047832149759004845,1114105.454282499473979472,57648,691,0,113.5812284788929743593000000,0.20000000000000000,0.75000000000000000,57447691.25155385,49.923738496189735
Liquidation,07/12/2020,1957.64477517,2274460.217359637,1957.64477517,04/01/2021,Ether,ETH,1161.835,1.000000000000000000,0.000588899763015248496499429,0.023444988586372490826900588,57274082.52638914,36429.491112580988616696,1110915.564524281472636699,57648,690,0,113.5876676948288211981000000,0.20000000000000000,0.75000000000000000,57274082.52638914,49.92373738472837
Liquidation,24/08/2020,309.62715495,309.62715495,0.29933743076737146,04/01/2021,Tether USD,USDT,1,0.000966767371601208,0.196505495508209832837244702,0.226342123979114707297390765,5547873293.55180347,108161077.943823,5810840.095401,2709,1214,0,183303.5448723500000000000000,0.07500000000000000,0,5547873293.55180347,48.755961378079704
Liquidation,03/12/2020,256.18337776,256.18337776,0.2601665272928536,04/01/2021,Tether USD,USDT,1,0.001015548040500056,0.159656324995533141421200106,0.189539634926697815890657781,5667783658.77805951,107251442.794927,9184364.122094,2711,1212,0,183635.1714011750000000000000,0.07500000000000000,0,5667783658.77805951,48.754217436730336
Liquidation,15/10/2020,539.16478149,539.16478149,0.5499997770988471,04/01/2021,USD//C,USDC,1,0.001020095889013567,0.041687305384780313436577345,0.055801189844532821914671941,38433311236.25672705,668591526.114694,154207930.375846,214646,2136,0,547934.2763912500000000000000,0.07500000000000000,0.75000000000000000,38433311236.25672705,46.7415507274027
Liquidation,08/07/2019,229.94208648,229.94208648,0.23958415062177327,04/01/2021,USD//C,USDC,1,0.001041932576542972,0.041458476009441782730180421,0.055510565628835955604347514,38433317594.17737212,668384175.700081,154415744.596105,214647,2136,0,547958.8599810250000000000000,0.07500000000000000,0.75000000000000000,38433317594.17737212,46.74153349181066
Liquidation,08/12/2020,1178.61063752,1178.61063752,1.26171338994899,04/01/2021,USD//C,USDC,1,0.001070509080593276,0.041187036884198099387813626,0.055165625014087158229291143,38433317594.17737212,668138088.599127,154662515.710328,214647,2135,0,548010.1609762000000000000000,0.07500000000000000,0.75000000000000000,38433317594.17737212,46.741497524831466
Liquidation,14/12/2020,269.86143987,269.86143987,0.2911896238703865,04/01/2021,USD//C,USDC,1,0.001079033833105837,0.041181961690494353292410668,0.055159173467512013614531707,38433317594.17737212,668133552.524021,154667154.183116,214647,2135,0,548017.8408023500000000000000,0.07500000000000000,0.75000000000000000,38433317594.17737212,46.74149214053235
Liquidation,06/12/2020,308.83465953,309.53911138838794,0.3381453151834727,04/01/2021,Dai Stablecoin,DAI,1.002281,0.001094907274002468,0.102023711376482825037797967,0.138317072907586126986276685,53095704639.55972838,978969255.121256783982959503,132637233.037054265878255480,14423,2659,0,1887856.008927897081409366350,0.15000000000000000,0.75000000000000000,53095704639.55972838,47.846096389965204
Liquidation,30/11/2020,13482.16035443,13575.53779704478,14.869235644274926,04/01/2021,Dai Stablecoin,DAI,1.006926,0.001102882272082542,0.101771973322316270832494991,0.138011436658403108654238083,53076222176.23484138,978336923.255873966929616977,132862736.564225341251615930,14424,2659,0,1887910.310673467284274404650,0.15000000000000000,0.75000000000000000,53076222176.23484138,47.846083122897504
Liquidation,22/08/2020,20977937.20859731,21123230.401704054,23136.195052222698,04/01/2021,Dai Stablecoin,DAI,1.006926,0.001102882272082542,0.101771973322316270832494991,0.138011436658403108654238083,53076222176.23484138,978336923.255873966929616977,132862736.564225341251615930,14424,2659,0,1887910.310673467284274404650,0.15000000000000000,0.75000000000000000,53076222176.23484138,47.846083122897504
Liquidation,15/10/2020,292.1363429,292.1363429,0.3261924674657631,04/01/2021,USD//C,USDC,1,0.001116576130952049,0.040573331644374914763398629,0.054384935670278384482296168,38430376720.72327488,667530876.783294,155209859.062286,214646,2135,0,548238.8714406250000000000000,0.07500000000000000,0.75000000000000000,38430376720.72327488,46.741337171229446
Liquidation,24/08/2020,180.60233325,180.60233325,0.2016562545011976,04/01/2021,Tether USD,USDT,1,0.001116576130952049,0.171841909119284778617624924,0.201920111619100714118173900,5670221341.42157705,108404786.441231,8083235.530814,2712,1213,0,183801.3005278250000000000000,0.07500000000000000,0,5670221341.42157705,48.75335829330082
Liquidation,17/10/2020,10446.07174344,10694636.020575155,10446.07174344,04/01/2021,Ether,ETH,1023.795,1.000000000000000000,0.000670176166402997415912868,0.023833707764216538670945212,51141214.95214727,36419.781628074353994209,988081.612297287064060684,57662,691,0,113.8122608803621385025000000,0.20000000000000000,0.75000000000000000,51141214.95214727,49.92369672136227
Liquidation,24/10/2020,8985.34442054,9386090.772710739,8985.34442054,04/01/2021,Ether,ETH,1044.599999,1.000000000000000000,0.000671494599335368017737549,0.023839925114971195675099923,51158358.68639263,36494.237703867662927792,988350.833890471164598422,57667,690,0,113.8680306864780808971000000,0.20000000000000000,0.75000000000000000,51158358.68639263,49.923685849012855
Liquidation,10/08/2020,6538.73656491,6830364.20916625,6538.73656491,04/01/2021,Ether,ETH,1044.599999,1.000000000000000000,0.000672123302209728995676352,0.023842888656186250271958027,51115962.92098378,36493.639764766087934363,987502.228067385269389560,57668,690,0,113.8695848197067291105000000,0.20000000000000000,0.75000000000000000,51115962.92098378,49.923685550174184
Liquidation,05/01/2021,102.57187808,102.72019701570369,0.10245892675248483,05/01/2021,Dai Stablecoin,DAI,1.001446,0.000998898808039499,0.035442224457800996053782049,0.051904147269332304480743064,46383819313.41020956,785049740.191804724792944203,186374036.042572485824941050,14428,2663,0,1903176.462228004759943459250,0.15000000000000000,0.75000000000000000,46383819313.41020956,47.84201524373081
Liquidation,18/12/2020,68775.67598576,73991279.37414011,68775.67598576,05/01/2021,Ether,ETH,1075.835,1.000000000000000000,0.000672025606269306708416831,0.023842428377155904504845662,51194517.49880201,36545.123207485903917374,989024.726477576527483994,57679,690,0,113.9672244459938488929000000,0.20000000000000000,0.75000000000000000,51194517.49880201,49.9236665120678
Liquidation,02/10/2019,2068.286079,2070.776295439116,2.0654062392171504,05/01/2021,Dai Stablecoin,DAI,1.001204,0.000998607620187512,0.045036190356834760323758991,0.065141087424588265987576647,49169974755.37942624,844022209.089728651094759926,185671686.856114147744135187,14435,2665,0,1908026.520518740767885528750,0.15000000000000000,0.75000000000000000,49169974755.37942624,47.84067987125792
Liquidation,10/10/2020,102359.19070113,106052310.1992676,102359.19070113,05/01/2021,Ether,ETH,1036.079999,1.000000000000000000,0.000646098598107847060373239,0.023719674765294320418242104,51261799.26819824,35361.809993338218658109,991556.872983311128572967,57685,682,0,114.1955057750879884751000000,0.20000000000000000,0.75000000000000000,51261799.26819824,49.92362216341823
Liquidation,30/07/2020,26993.79954374,27899981.36742955,26993.79954374,05/01/2021,Ether,ETH,1033.569999,1.000000000000000000,0.000642371527347047506853618,0.023701940800652240112083277,51488751.03086011,35339.667046352580851240,996125.321794144064193529,57683,681,0,114.2604469991080359865000000,0.20000000000000000,0.75000000000000000,51488751.03086011,49.92360950872892
Liquidation,29/09/2020,20218.87345099,21989339.10472594,20218.87345099,05/01/2021,Ether,ETH,1087.565,1.000000000000000000,0.000680301357098567316086906,0.023881384304796083218938060,51295295.95408611,37008.144964373426318333,990582.765274344564995313,57699,685,0,114.4497075001930090009000000,0.20000000000000000,0.75000000000000000,51295295.95408611,49.92357287442461
Liquidation,08/12/2020,616.57877236,616.57877236,0.5725603338904984,06/01/2021,USD//C,USDC,1,0.000928608572914345,0.065668947574929990783367977,0.085453007098194475265413855,37631205646.14660808,675323827.800746,130603898.245717,214673,2139,0,569264.7876649000000000000000,0.07500000000000000,0.75000000000000000,37631205646.14660808,46.72603251392924
Liquidation,08/12/2020,307.61635802,307.61635802,0.2879035986223291,06/01/2021,USD//C,USDC,1,0.000935917714114575,0.065701852132898685009823576,0.085492655695595874449878412,37632509303.04434976,675376098.907431,130581951.896586,214672,2138,0,569446.6418365000000000000000,0.07500000000000000,0.75000000000000000,37632509303.04434976,46.725902388688795
Liquidation,08/12/2020,148.61731545,148.61731545,0.13306709475672873,06/01/2021,USD//C,USDC,1,0.000895367369231596,0.065206520655928740672280908,0.084895517929193168270358010,37658183934.88235665,675436017.050014,131079368.077512,214674,2138,0,570036.1606747750000000000000,0.07500000000000000,0.75000000000000000,37658183934.88235665,46.7254808072988
Liquidation,08/12/2020,75.198721,75.198721,0.06746185783427604,06/01/2021,USD//C,USDC,1,0.000897114431431301,0.066466284148301573786189880,0.086413009356124450694957165,37598460987.44033501,675400681.081148,129841369.785596,214675,2137,0,570398.8160231500000000000000,0.07500000000000000,0.75000000000000000,37598460987.44033501,46.72522126462381
Liquidation,06/12/2020,33591.62203029,37444077.2028338,33591.62203029,06/01/2021,Ether,ETH,1114.685,1.000000000000000000,0.000676728962134562877812571,0.023864580951992238979144178,51350733.01985995,36879.330213097109989344,991822.862100926127124152,57725,684,0,114.6185451743612873453000000,0.20000000000000000,0.75000000000000000,51350733.01985995,49.92354013349167
Liquidation,08/12/2020,38.57834259,38.57834259,0.03480574763829135,06/01/2021,USD//C,USDC,1,0.000902209511906648,0.066084277019149367550211761,0.085953264687284487740782510,37685929944.61845992,676680292.370163,130461614.175571,214679,2138,0,572490.1515442750000000000000,0.07500000000000000,0.75000000000000000,37685929944.61845992,46.723727900687535
Liquidation,23/08/2020,884.63100218,1022881.1352006904,884.63100218,06/01/2021,Ether,ETH,1156.28,1.000000000000000000,0.000672410159441701209175004,0.023844242647211684039804334,51796916.82748808,36993.628933114121400510,1000646.651792813343911895,57745,682,0,114.7671909787651163181000000,0.20000000000000000,0.75000000000000000,51796916.82748808,49.92351142384059
Liquidation,06/08/2020,164728.84092823,196766953.20036146,164728.84092823,06/01/2021,Ether,ETH,1194.49,1.000000000000000000,0.000681704384086590476084334,0.023887976061610088128131028,51191742.42371519,36999.546848423759734835,988519.275318419941577221,57760,683,0,114.8829094252354417403000000,0.20000000000000000,0.75000000000000000,51191742.42371519,49.9234891381317
Liquidation,27/12/2020,30158.74730137,36024322.06401345,30158.74730137,06/01/2021,Ether,ETH,1194.49,1.000000000000000000,0.000682429572859963613064068,0.023891382633623406149519579,51143138.70909792,36998.514833935740644560,987546.835408184058055925,57761,684,0,114.9013576557854738653000000,0.20000000000000000,0.75000000000000000,51143138.70909792,49.923485547300324
Liquidation,06/12/2020,315.87613972,316.1323152693129,0.27829847234222677,06/01/2021,Dai Stablecoin,DAI,1.000811,0.000881036701882317,0.059690704915723396159375275,0.084797308342759507799033482,49485763643.37369678,867011622.569508703344765682,169580833.697973936399132001,14459,2688,0,1952256.468406219134567911250,0.15000000000000000,0.75000000000000000,49485763643.37369678,47.82895894919187
Liquidation,05/01/2021,75.37356544,75.37356544,0.06644735941322451,06/01/2021,USD//C,USDC,1,0.000881573785521914,0.064248658601305052157841094,0.083739051573318008572092720,38062377545.87324725,681978565.458284,133303622.675730,214680,2143,0,578714.8233877750000000000000,0.07500000000000000,0.75000000000000000,38062377545.87324725,46.71930192122919
Liquidation,07/11/2020,51250.12038288,1868624489.2657416,1555663.8202308088,06/01/2021,Wrapped BTC,WBTC,36460.88,30.354344704143859100,0.000770280689479118492454184,0.030160857024387899320882130,1336792.34549152,874.26510785,26119.85825669,2764,376,0,1.5847527690000000000000000,0.20000000000000000,0.60000000000000000,1336792.34549152,49.52451359681872
Liquidation,25/05/2019,26987.04300196,32933907.797871903,26987.04300196,07/01/2021,Ether,ETH,1220.36,1.000000000000000000,0.000687747488878513133067193,0.023916338823640730209826487,50891225.33034590,37064.838299770804558911,982435.634929170797494136,57787,684,0,115.1235723523171630605000000,0.20000000000000000,0.75000000000000000,50891225.33034590,49.92344195204507
Liquidation,10/08/2020,21550.05538873,26298825.59419054,21550.05538873,07/01/2021,Ether,ETH,1220.36,1.000000000000000000,0.000688333288524741410710139,0.023919085185052656497795640,50852075.14166945,37063.653883855284946652,981652.619239434415831165,57786,684,0,115.1244891692132406087000000,0.20000000000000000,0.75000000000000000,50852075.14166945,49.92344178077833
Liquidation,07/11/2020,93427.64317004,114015358.61899,93427.64317004,07/01/2021,Ether,ETH,1220.36,1.000000000000000000,0.000688333288524741410710139,0.023919085185052656497795640,50852075.14166945,37063.653883855284946652,981652.619239434415831165,57786,684,0,115.1244891692132406087000000,0.20000000000000000,0.75000000000000000,50852075.14166945,49.92344178077833
Liquidation,31/12/2020,28569.21628678,34864728.78773484,28569.21628678,07/01/2021,Ether,ETH,1220.36,1.000000000000000000,0.000688333288524741410710139,0.023919085185052656497795640,50852075.14166945,37063.653883855284946652,981652.619239434415831165,57786,684,0,115.1244891692132406087000000,0.20000000000000000,0.75000000000000000,50852075.14166945,49.92344178077833
Liquidation,01/08/2020,1057.55911244,286.40815883100083,0.23919770733440882,07/01/2021,Basic Attention Token,BAT,0.27082,0.000226179042401263,0.000332991929496775345494132,0.025311556257892460941630875,2325497248.58800080,845150.062394904011604732,49890442.426386256650680964,5918,464,0,3144248.438934679292627856150,0.25000000000000000,0.60000000000000000,2325497248.58800080,48.863869996029294
Liquidation,05/01/2021,111.35953077,111.55340771307057,0.09490336645452377,07/01/2021,Dai Stablecoin,DAI,1.001741,0.000852224913290408,0.062185630920631699001804242,0.088080504099465374401343305,49528014733.91500816,870702518.019222489977854792,166883889.020288090590262170,14460,2688,0,1968819.719167408580379029700,0.15000000000000000,0.75000000000000000,49528014733.91500816,47.82461725284964
Liquidation,09/12/2020,88141.88394347,109139484.24590313,88141.88394347,07/01/2021,Ether,ETH,1238.225,1.000000000000000000,0.000459593338012639689497850,0.022802486205053517953429675,50874526.38419096,25959.115128752024988950,993207.815341492348761938,57815,684,0,115.3130555112350054271000000,0.20000000000000000,0.75000000000000000,50874526.38419096,49.923404776351056
Liquidation,09/10/2020,253798.45573949,9867150982.14052,7968786.756963007,07/01/2021,Wrapped BTC,WBTC,38877.899999,31.398090007066567100,0.000793771619256135227831871,0.030389505382669047572800953,1306579.35563479,874.02853890,25510.09508823,2776,375,0,1.5972574510000000000000000,0.20000000000000000,0.60000000000000000,1306579.35563479,49.524421479840534
Liquidation,06/12/2020,8.09219044,8.10278311728596,0.006774562410987709,07/01/2021,Dai Stablecoin,DAI,1.001309,0.000837172884303463,0.064199481315409710767056736,0.090717821858656119825047087,49793355342.87551688,877753579.425378017607798185,165483423.834488312359688393,14468,2693,0,1984143.998417159622559782450,0.15000000000000000,0.75000000000000000,49793355342.87551688,47.82061811402225
Liquidation,30/11/2020,14548.62377341,14608.753235465501,12.340767064374711,07/01/2021,Dai Stablecoin,DAI,1.004133,0.000848242916758181,0.064850371683286046383431135,0.091567804649125076807994497,49921824107.61372414,880771062.052728683621828917,165161615.323556159829303658,14472,2692,0,1985522.706651378198655541700,0.15000000000000000,0.75000000000000000,49921824107.61372414,47.82025975578423
Liquidation,06/12/2020,232.40945026,232.61373816677855,0.18847748895534291,08/01/2021,Dai Stablecoin,DAI,1.000879,0.000810971708527731,0.063492193656449434330206263,0.089792856880034421967525537,50145817000.82712478,883179475.786489225391627722,167468671.154225123451277018,14479,2695,0,1990228.424265979730822478900,0.15000000000000000,0.75000000000000000,50145817000.82712478,47.81904195389965
Liquidation,23/12/2020,312.92548722,315.4223196825283,0.273750630026712,08/01/2021,Dai Stablecoin,DAI,1.007979,0.000874810909327605,0.057750705300467704217250576,0.082232042981789236886070269,50480955926.16214830,882359990.702865012570509741,175327909.257677445615112391,14489,2693,0,1994907.166190018327640766650,0.15000000000000000,0.75000000000000000,50480955926.16214830,47.81783744963795
Liquidation,30/11/2020,10388.35625038,10471.244944901782,9.326675346392491,08/01/2021,Dai Stablecoin,DAI,1.007979,0.000897800876442924,0.057563878568662808527871143,0.081984426035173397123822573,50481430889.99229103,882147181.940048635085264774,175551446.797393781843514192,14489,2693,0,1995026.568251036387041784400,0.15000000000000000,0.75000000000000000,50481430889.99229103,47.81780680322234
Liquidation,10/10/2020,2543.1613034,2543.1613034,2.278583571943752,08/01/2021,USD//C,USDC,1,0.000895965021525560,0.077290778850325875078495443,0.099293944700029098893081268,38000975681.01792357,691696870.116361,122501805.800191,214705,2166,0,596055.0235059250000000000000,0.07500000000000000,0.75000000000000000,38000975681.01792357,46.70704678815607
Liquidation,01/08/2020,999.89193444,1007.8700721848967,0.9151473433560607,08/01/2021,Dai Stablecoin,DAI,1.007979,0.000915246249954600,0.057546878897437117962850088,0.081961889916879218132128847,50481433728.19077353,882127382.614646131222462634,175571768.400866274035630745,14489,2693,0,1995096.006772586208571463400,0.15000000000000000,0.75000000000000000,50481433728.19077353,47.817788980428666
Liquidation,06/10/2020,11676.82920685,11676.82920685,10.602576187529513,08/01/2021,Tether USD,USDT,1,0.000908001307521883,0.128819104520216407859875067,0.157185276504927176066589175,6962999734.52966175,128320386.230001,14889966.753861,2828,1189,0,197680.6747243250000000000000,0.07500000000000000,0,6962999734.52966175,48.6879912255494
Liquidation,13/12/2020,64573.36014027,65088.59098082921,59.10052571534996,08/01/2021,Dai Stablecoin,DAI,1.007979,0.000915246249954600,0.057539858634382157429544195,0.081952583051297631202087695,50481433728.19077353,882119753.905635072134168271,175580388.773867387882764058,14489,2693,0,1995244.756371094422397305900,0.15000000000000000,0.75000000000000000,50481433728.19077353,47.81775080091222
Liquidation,28/07/2020,1013.82541185,1021.9147248111511,0.9420348773834236,08/01/2021,Dai Stablecoin,DAI,1.007979,0.000929188464179868,0.057521357513748065170237807,0.081928055156637214468972446,50481433728.19077353,882098637.233295999065761522,175602695.310725714769355314,14489,2693,0,1995423.236048982495124981950,0.15000000000000000,0.75000000000000000,50481433728.19077353,47.817704990665376
Liquidation,05/01/2021,352.00033907,352.00033907,0.3265309267810761,08/01/2021,USD//C,USDC,1,0.000927643784786642,0.076634713481829228734902184,0.098521106836638485065555649,38000725590.63508272,691169164.067160,123026603.911594,214705,2166,0,596238.5167288000000000000000,0.07500000000000000,0.75000000000000000,38000725590.63508272,46.70691687317251
Liquidation,31/12/2020,902.33526942,909.5350025347021,0.848193639382736,08/01/2021,Dai Stablecoin,DAI,1.007979,0.000939998322273200,0.057431582467307402202312408,0.081809021556566474759557999,50481611642.08659993,881995533.850135285838947106,175710047.996644836740064587,14490,2693,0,1995502.530847200021411807000,0.15000000000000000,0.75000000000000000,50481611642.08659993,47.81768463818884
Liquidation,06/11/2020,404.30574159,407.5316971021466,0.380046718780022,08/01/2021,Dai Stablecoin,DAI,1.007979,0.000939998322273200,0.057431582467307402202312408,0.081809021556566474759557999,50481611642.08659993,881995533.850135285838947106,175710047.996644836740064587,14490,2693,0,1995502.530847200021411807000,0.15000000000000000,0.75000000000000000,50481611642.08659993,47.81768463818884
Liquidation,22/08/2020,16834901.78007918,16969227.46138243,15824.779428908536,08/01/2021,Dai Stablecoin,DAI,1.007979,0.000939998322273200,0.057157195397566006867441672,0.081445063324574425694787714,50481611642.08659993,881669581.329845000194755887,176036033.509177404457491120,14490,2693,0,1995507.479683542332397104100,0.15000000000000000,0.75000000000000000,50481611642.08659993,47.81768336798148
Liquidation,18/12/2020,40969.24799839,51956995.4653182,40969.24799839,08/01/2021,Ether,ETH,1268.195,1.000000000000000000,0.000871806609691199183964714,0.024754533758898549442756849,50112954.91989628,44713.597017930234341958,959201.134756297003380659,57837,684,0,115.8313621830816075763000000,0.20000000000000000,0.75000000000000000,50112954.91989628,49.92330127013057
Liquidation,08/01/2021,198.35602836,198.33936645361777,0.16189250067241856,08/01/2021,Dai Stablecoin,DAI,0.999916,0.000816171315845248,0.052317997670316086864360542,0.074989585258069139809546057,52180420397.29810091,905446486.245682931601599042,187930281.101032641323700247,14534,2688,0,2016736.033750848360125129700,0.15000000000000000,0.75000000000000000,52180420397.29810091,47.81228824599912
Liquidation,02/10/2019,1313.03439726,1315.502901926849,1.0342857719598308,09/01/2021,Dai Stablecoin,DAI,1.00188,0.000787706532378852,0.047359210433372160675341695,0.068300933661157720451500648,55741578581.64035069,960709804.240475872908487925,207357625.019121170618698112,14602,2695,0,2047712.356878142413121558500,0.15000000000000000,0.75000000000000000,55741578581.64035069,47.805005158665665
Liquidation,12/12/2020,56409.30014446,72475514.96510439,56409.30014446,09/01/2021,Ether,ETH,1284.815,1.000000000000000000,0.001012881262199727919710319,0.025366464953340338810773257,47283232.32954043,47844.385788596781126892,899393.796816994149951553,57931,692,0,116.8367652763012958585000000,0.20000000000000000,0.75000000000000000,47283232.32954043,49.92309859470997
Liquidation,11/11/2020,74807.37548809,21575.94323827492,16.670679228642918,09/01/2021,Basic Attention Token,BAT,0.28842,0.000222848069724048,0.000318321691906795888018323,0.025132906289451659670206461,2425530581.22415461,848593.903846639979798083,51934365.124456390514351504,5910,463,0,3144292.833643838547094270900,0.25000000000000000,0.60000000000000000,2425530581.22415461,48.86373400349597
Liquidation,21/09/2019,50559.21248121,65705741.35633089,50559.21248121,09/01/2021,Ether,ETH,1299.58,1.000000000000000000,0.001007532453279705116977041,0.025343702528269490900656674,47431717.21172249,47783.664184452391555026,902428.934420035858113702,57942,691,0,116.8654690604062044575000000,0.20000000000000000,0.75000000000000000,47431717.21172249,49.92309254478202
Repay,26/12/2020,2.4879,358.29491849999994,0.48722749413564503,01/01/2021,Compound,COMP,144.015,0.195838857725650178,0.357229652376259703367983655,0.599034164720029189608757162,4728155.75761522,82542.005506804518525015,12818.461512888146907284,2692,89,82500.00000000000000000,203.0025196580156255643000000,0.25000000000000000,0.60000000000000000,4728155.75761522,49.687702194014406
Repay,28/11/2020,9286.925495,9286.925495,12.628829501954785,01/01/2021,Tether USD,USDT,1,0.001359850416454190,0.189518576066778386989778254,0.219506596445223585153675720,4393219511.52792181,85086893.313758,5086829.363195,2606,1231,0,174027.0494993000000000000000,0.07500000000000000,0,4393219511.52792181,48.813715212030274
Repay,29/11/2020,100546.51041871549681296,101134.10422560247,137.52725374890696,01/01/2021,Dai Stablecoin,DAI,1.005844,0.001367797382287948,0.102122920234604189388981136,0.138437484828896712932768579,54884193067.63735490,1011020151.880348662368975603,136644770.751694609478261354,14163,2725,0,1740832.178025154266323494500,0.15000000000000000,0.75000000000000000,54884193067.63735490,47.89513853914363
Repay,30/12/2020,200000,200000,271.97008329083803,01/01/2021,Tether USD,USDT,1,0.001359850416454190,0.186524943295847379564539872,0.216558153938415201065628069,4393219511.52792181,84887062.018694,5286829.363195,2606,1231,0,174039.7023695000000000000000,0.07500000000000000,0,4393219511.52792181,48.813630573211924
Repay,27/12/2020,534.957711,534.957711,0.7208458292066701,01/01/2021,Tether USD,USDT,1,0.001347481893212060,0.186532364608643831819984675,0.216565478009833811416063318,4393219511.52792181,84887780.412348,5286364.320906,2606,1231,0,174058.7037218750000000000000,0.07500000000000000,0,4393219511.52792181,48.8135034680563
Repay,27/08/2020,666.834153,666.834153,0.8985469469429005,01/01/2021,Tether USD,USDT,1,0.001347481893212060,0.169701227087856200426249732,0.199760804690653942687956476,4447989962.35177248,84782735.180627,6513523.257316,2607,1230,0,174064.5649679000000000000000,0.07500000000000000,0,4447989962.35177248,48.81346435262838
Repay,24/12/2020,104456.547515,104456.547515,140.75330640390771,01/01/2021,Tether USD,USDT,1,0.001347481893212060,0.169701227087856200426249732,0.199760804690653942687956476,4447989962.35177248,84782735.180627,6513523.257316,2607,1230,0,174064.5649679000000000000000,0.07500000000000000,0,4447989962.35177248,48.81346435262838
Repay,27/08/2020,0,0,0,01/01/2021,Tether USD,USDT,1,0.001347481893212060,0.169701270695254808573424203,0.199760848744268341798208470,4447989962.35177248,84782757.219256,6513523.257316,2607,1230,0,174066.2178650750000000000000,0.07500000000000000,0,4447989962.35177248,48.81345343214975
Repay,16/08/2020,101632.546411235518769532,102226.48701246278,137.7483402559714,01/01/2021,Dai Stablecoin,DAI,1.005844,0.001355356577395991,0.102029730673630790666997692,0.138324379269337827230139789,54884398237.86937079,1010922198.639666127126637212,136750687.047414892298202333,14165,2724,0,1741384.073884459307788165650,0.15000000000000000,0.75000000000000000,54884398237.86937079,47.89500782603961
Repay,24/10/2020,33.9,25158.0375,33.9,01/01/2021,Ether,ETH,742.125,1.000000000000000000,0.000649212519832894548427215,0.023734511359124744621629474,56250418.45708152,38965.657529358927395800,1087867.107225447698081013,57529,692,0,112.0430976952622305517000000,0.20000000000000000,0.75000000000000000,56250418.45708152,49.92401167021396
Repay,21/12/2020,6904.860208,6904.860208,9.30417410544046,01/01/2021,USD//C,USDC,1,0.001347481893212060,0.073241548080694273904035724,0.094508025154108609844621908,34217050951.62043171,619037206.930295,113039788.338781,214589,2108,0,494271.5450254000000000000000,0.07500000000000000,0.75000000000000000,34217050951.62043171,46.77126706524981
Repay,24/10/2020,14,10389.75,14,01/01/2021,Ether,ETH,742.125,1.000000000000000000,0.000648902073641709450101122,0.023733036523845806948590984,56253681.85805956,38951.683180495077199303,1087946.474600988760202397,57530,692,0,112.0482279224921912523000000,0.20000000000000000,0.75000000000000000,56253681.85805956,49.924010760433994
Repay,30/11/2020,641.496836019796288673,645.2457435294959,0.8694569560781484,01/01/2021,Dai Stablecoin,DAI,1.005844,0.001355356577395991,0.101944198386065037358051997,0.138220550788105095478674420,54895346840.21364076,1011031975.134795207233313814,136874924.631390896133407822,14167,2724,0,1742196.772679224293232956900,0.15000000000000000,0.75000000000000000,54895346840.21364076,47.894815375870664
Repay,24/12/2020,285619.451717,285619.451717,385.8444862403662,01/01/2021,Tether USD,USDT,1,0.001350904092563948,0.141231432043460774861366589,0.170393071626044722329176288,4579115316.08710363,85149086.920838,8834414.057188,2608,1230,0,174137.4043625000000000000000,0.07500000000000000,0,4579115316.08710363,48.81298776205197
Repay,20/11/2020,3000,3017.619,4.076513856898727,01/01/2021,Dai Stablecoin,DAI,1.005873,0.001358837952299576,0.101948055632679820971673883,0.138225233481173492621207797,54895009048.63453435,1011033396.358309227420182259,136870871.814881693315477203,14167,2724,0,1742859.956206327321263223650,0.15000000000000000,0.75000000000000000,54895009048.63453435,47.89465833964123
Repay,03/08/2020,15073.06280067,3084.626936843112,4.1670351530143535,01/01/2021,Basic Attention Token,BAT,0.204645,0.000276455768022749,0.000284201607574683845026032,0.024668727947415206118527528,2284512497.55965878,726855.676981470828707718,49169629.432234971899414097,5931,463,0,3144159.022162274122656617400,0.25000000000000000,0.60000000000000000,2284512497.55965878,48.86414620966305
Repay,08/10/2020,10251.174,10251.174,13.848352910185138,01/01/2021,Tether USD,USDT,1,0.001350904092563948,0.147443594225567817675688119,0.176908099516270505630030612,4579749103.81892856,85639218.886197,8357649.261029,2609,1230,0,174166.1398144250000000000000,0.07500000000000000,0,4579749103.81892856,48.8128033602905
Repay,20/08/2020,15218,15307.375314,20.678795958094945,01/01/2021,Dai Stablecoin,DAI,1.005873,0.001358837952299576,0.101938448298937891557649239,0.138213570128506919810509430,54895028065.40674979,1011025115.614309996294122201,136882414.218830104217765052,14168,2725,0,1743289.646897101877304214950,0.15000000000000000,0.75000000000000000,54895028065.40674979,47.89455659206984
Repay,31/12/2020,29965.793675,29965.793675,40.48091331248437,01/01/2021,Tether USD,USDT,1,0.001350904092563948,0.147052167035840923226461273,0.176499411462018485127498427,4579749103.81892856,85609618.110162,8387615.054704,2609,1229,0,174193.5161374250000000000000,0.07500000000000000,0,4579749103.81892856,48.81262769747596
Repay,27/12/2020,19888.421823,19888.421823,27.069205244138967,01/01/2021,Tether USD,USDT,1,0.001361053455374460,0.153113843699364316666462355,0.182801391255965142315974837,4584951381.34993872,86169048.432509,7936660.753315,2612,1230,0,174335.9371268000000000000000,0.07500000000000000,0,4584951381.34993872,48.81171458241754
Repay,22/11/2020,28261409.524117,28261409.524117,38465.28908655212,01/01/2021,USD//C,USDC,1,0.001361053455374460,0.065555432303244475191324730,0.085316205391825589448154970,32979453419.80310502,591200431.125686,114429098.798596,214605,2112,0,495295.1740358500000000000000,0.07500000000000000,0.75000000000000000,32979453419.80310502,46.770461274631195
Repay,17/10/2020,440000,442584.12,602.3806458198645,01/01/2021,Dai Stablecoin,DAI,1.005873,0.001369046922317874,0.102348362806181238272676595,0.138711029572535625287738640,54852037209.48872048,1010713582.410319080856548127,136324293.002582603719250905,14172,2725,0,1747485.416298464561668103850,0.15000000000000000,0.75000000000000000,54852037209.48872048,47.89356279297114
Repay,28/12/2020,738.234094839415523476,547969.021576453,738.2340948394155,01/01/2021,Ether,ETH,742.27,1.000000000000000000,0.000636154142253849899032145,0.023672338617281376847694793,56156596.42111467,38217.419172797426224464,1086736.372002095138964583,57531,693,0,112.1075157288451009797000000,0.20000000000000000,0.75000000000000000,56156596.42111467,49.924000183238746
Repay,29/12/2020,340.308404445326461081,342.30703570463385,0.4611624283678902,01/01/2021,Dai Stablecoin,DAI,1.005873,0.001355130882293505,0.102071299928078486512513490,0.138374834832486940056659463,54869503369.83021182,1010730052.468033392746645014,136679321.291706378363268797,14173,2724,0,1748506.821216278144151799050,0.15000000000000000,0.75000000000000000,54869503369.83021182,47.8933207489704
Repay,01/01/2021,0.15692585,116.4813506795,0.15692585,01/01/2021,Ether,ETH,742.27,1.000000000000000000,0.000636151192147127555203453,0.023672324538685360694734866,56156596.80980113,38217.264798837483216123,1086736.536713508400503772,57532,693,0,112.1080261068564993115000000,0.20000000000000000,0.75000000000000000,56156596.80980113,49.924000092630045
Repay,24/12/2020,250000,250000,336.80466676546274,01/01/2021,Tether USD,USDT,1,0.001347218667061851,0.144830958540462744114748680,0.174175637174680261643929787,4606552563.27568870,85942554.739347,8607527.666571,2616,1230,0,174472.8494133500000000000000,0.07500000000000000,0,4606552563.27568870,48.81083772516102
Repay,09/12/2020,367.3890768482693643,369.5467528965993,0.49786028385439157,01/01/2021,Dai Stablecoin,DAI,1.005873,0.001355130882293505,0.102188969505164014280378643,0.138517638350228422857409980,54862353252.19297346,1010731805.271067820528183027,136530396.022476221909884196,14172,2724,0,1748824.850032969551787146000,0.15000000000000000,0.75000000000000000,54862353252.19297346,47.8932454045406
